songId,trackName,albumName,artists,length,genres,mood,link,playCount
2,DIET_,UNLOCKED,Denzel Curry|Kenny Beats,2:23,,HAPPY,https://open.spotify.com/track/1AzqpMy3yLYNITSOUrnL8i,0
3,CORSO,CALL ME IF YOU GET LOST,"Tyler, The Creator",2:26,,HAPPY,https://open.spotify.com/track/46oHvXwpEZOFX518we1nJD,0
4,6 Foot 7 Foot,Tha Carter IV (Deluxe),Lil Wayne|Cory Gunz,4:08,"rap,hip hop",RELAXED,https://open.spotify.com/track/0s019O8KwLXkPSSV609qEE,0
5,Bonfire,Camp,Childish Gambino,3:12,,RELAXED,https://open.spotify.com/track/799f6Ih1Pu4AUApMyXhxUc,0
6,Dreams and Nightmares,Dreams and Nightmares (Deluxe Edition),Meek Mill,3:50,rap,RELAXED,https://open.spotify.com/track/42zd6DYQ4o4SECmTITrM1U,0
7,Black Skinhead,Yeezus,Kanye West,3:08,rap,RELAXED,https://open.spotify.com/track/722tgOgdIbNe3BEyLnejw4,0
8,TRUTH (feat. Sam Truth and redveil),TRUTH (feat. Sam Truth and redveil),AG Club|Sam Truth|redveil,3:10,"alternative hip hop,experimental hip hop,underground hip hop",MELANCHOLIC,https://open.spotify.com/track/3hQrIF803GxbmRcWFJr7lc,0
9,family ties (with Kendrick Lamar),family ties (with Kendrick Lamar),Baby Keem|Kendrick Lamar,4:12,"hip hop,west coast hip hop",RELAXED,https://open.spotify.com/track/7Bpx2vsWfQFBACRz4h3IqH,6
10,Shotta Flow,Shotta Flow,NLE Choppa,2:40,,RELAXED,https://open.spotify.com/track/4dAMdQ6g4kGmnc1MDHsg77,0
11,trademark usa,The Melodic Blue,Baby Keem,4:30,,RELAXED,https://open.spotify.com/track/15hJmqqEtASVXl6sM7i4UF,0
12,Survival Tactics,1999,Joey Bada$$|Capital Steez,3:22,"hip hop,jazz rap,rap",ENERGETIC,https://open.spotify.com/track/4pNT8XTKWb2vhcsqwzdXCT,0
13,Lose Yourself - From 8 Mile Soundtrack,Curtain Call (Deluxe),Eminem,5:26,"rap,hip hop",RELAXED,https://open.spotify.com/track/7w9bgPAmPTtrkt2v16QWvQ,0
14,I Don't Get Tired (#IDGT) (feat. August Alsina),Luca Brasi 2: Gangsta Grillz,Kevin Gates|August Alsina,3:29,r&b,RELAXED,https://open.spotify.com/track/6HMHgBHdLBQ0QYIaOp2gse,0
15,From The D To The A (feat. Lil Yachty),From The D To The A (feat. Lil Yachty),Tee Grizzley|Lil Yachty,2:38,,HAPPY,https://open.spotify.com/track/2NyrXRn4tancYPW6JwtTl2,0
16,DNA.,DAMN.,Kendrick Lamar,3:05,"hip hop,west coast hip hop",RELAXED,https://open.spotify.com/track/6HZILIRieu8S0iqY8kIKhj,0
17,Icon,SYRE,Jaden,3:40,,RELAXED,https://open.spotify.com/track/22nyEAEM29tcBRhukR089b,0
18,If You Know You Know,DAYTONA,Pusha T,3:22,,HAPPY,https://open.spotify.com/track/6bGwKHXHNLmTy6yt147FPh,0
19,POWER,My Beautiful Dark Twisted Fantasy,Kanye West,4:52,rap,ENERGETIC,https://open.spotify.com/track/2gZUPNdnz5Y45eiGxpHGSc,0
20,Invincible,Meet The Woo 2 (Deluxe),Pop Smoke,2:07,"brooklyn drill,new york drill,drill",RELAXED,https://open.spotify.com/track/4lCSOu4tsSlljiQUlWJYVt,0
21,G.O.M.D,2014 Forest Hills Drive,J. Cole,5:01,rap,MELANCHOLIC,https://open.spotify.com/track/0Thqjtu54vKMP06pwZkAWp,0
22,Kurupt,There You Have It,REASON,4:46,,MELANCHOLIC,https://open.spotify.com/track/3PNWSxGWXZoPtbBlx2iKOb,0
23,ZUU,ZUU,Denzel Curry,2:06,,MELANCHOLIC,https://open.spotify.com/track/5sG65w8uKtjsJw7nc845Nc,0
24,Hit,Hit,Kenny Mason,2:39,,RELAXED,https://open.spotify.com/track/0XWfs97wqncRv28sfS0aUW,0
25,Can't Tell Me Nothing,Graduation,Kanye West,4:31,rap,MELANCHOLIC,https://open.spotify.com/track/2MIBAmYwiuGoKUlpq9B9sZ,0
26,LEMONHEAD (feat. 42 Dugg),CALL ME IF YOU GET LOST,"Tyler, The Creator|42 Dugg",2:10,,RELAXED,https://open.spotify.com/track/5fbHRCsGpFIOLRtlhCRFDR,0
27,Backseat Freestyle,"good kid, m.A.A.d city (Deluxe)",Kendrick Lamar,3:32,"hip hop,west coast hip hop",RELAXED,https://open.spotify.com/track/3aGibUHhQyBsyumYHylw0K,0
28,A$AP Forever (feat. Moby),A$AP Forever (feat. Moby),A$AP Rocky|Moby,3:53,"rap,downtempo,trip hop",RELAXED,https://open.spotify.com/track/1YmF9PvLhIISIANoMLIYGq,0
29,CAPO,CAPO,NLE Choppa,3:12,,ENERGETIC,https://open.spotify.com/track/1KjQPDJQCUuqDj3AmfSBCa,0
30,Love Sosa,Finally Rich,Chief Keef,4:06,"chicago drill,drill",MELANCHOLIC,https://open.spotify.com/track/01Lr5YepbgjXAWR9iOEyH1,0
31,First Day Out (feat. Meek Mill) - Remix,First Day Out (feat. Meek Mill) [Remix],Tee Grizzley|Meek Mill,3:09,rap,RELAXED,https://open.spotify.com/track/4UJU5Q60ttr0hnI6lePPqX,0
32,Till I Collapse,The Eminem Show,Eminem|Nate Dogg,4:57,"rap,hip hop,g-funk,west coast hip hop,old school hip hop",ENERGETIC,https://open.spotify.com/track/4xkOaSrkexMciUUogZKVTS,0
33,Monster,Monster,Meek Mill,2:50,rap,RELAXED,https://open.spotify.com/track/37EDnGj3yFe5Hs4Zk3s3YF,0
34,PERCS | PERCZ,TA13OO,Denzel Curry,3:06,,RELAXED,https://open.spotify.com/track/2NjeQLvFsfeKdZoA7dbfL1,0
35,Look At Me!,Revenge,XXXTENTACION,2:06,emo rap,RELAXED,https://open.spotify.com/track/4ARPvK8DHLwt4oX65ZAFMw,0
36,Feel The Love,KIDS SEE GHOSTS,KIDS SEE GHOSTS|Pusha T,2:45,,MELANCHOLIC,https://open.spotify.com/track/3aUFrxO1B8EW63QchEl3wX,0
37,Man Of The Year,Oxymoron (Deluxe),ScHoolboy Q,3:36,,RELAXED,https://open.spotify.com/track/5SsR3wtCOafDmZgvIdRhSm,0
38,m.A.A.d city,"good kid, m.A.A.d city (Deluxe)",Kendrick Lamar|MC Eiht,5:50,"hip hop,west coast hip hop,g-funk,gangster rap",RELAXED,https://open.spotify.com/track/2cDCojn6uIBM6A5xTAbl3H,0
39,Timeless (feat. Lil Wayne & Big Sean),Burden of Proof,Benny The Butcher|Lil Wayne|Big Sean,3:49,"boom bap,rap,hip hop",ENERGETIC,https://open.spotify.com/track/3JGNL5nluPz7ziQjH0EQpm,0
40,Stick (with JID & J. Cole feat. Kenny Mason & Sheck Wes),D-Day: A Gangsta Grillz Mixtape,Dreamville|JID|J. Cole|Kenny Mason|Sheck Wes,5:09,rap,RELAXED,https://open.spotify.com/track/1BzXvBpIFWJgu0P8P6xmP4,0
41,HAZARD DUTY PAY!,OFFLINE,JPEGMAFIA,2:37,"experimental hip hop,alternative hip hop,experimental",RELAXED,https://open.spotify.com/track/4cbzc4dmuWQ1u0an0JsSnw,0
42,On Sight,Yeezus,Kanye West,2:36,rap,RELAXED,https://open.spotify.com/track/1gqkRc9WtOpnGIqxf2Hvzr,0
43,Fuck Up Some Commas,DS2 (Deluxe),Future,3:57,rap,RELAXED,https://open.spotify.com/track/49zD0wr2S3d0lZPib0K4e1,0
44,"No Suburban, Pt. 2",One and Only,Sheff G,2:33,"brooklyn drill,new york drill,drill",RELAXED,https://open.spotify.com/track/3VayB5gLZGODx8b7RO1y5f,0
45,RICKY,ZUU,Denzel Curry,2:27,,RELAXED,https://open.spotify.com/track/2QbGvQssb0VLLS4x5NOmyJ,0
46,Wish I Had It,By Any Means,Kevin Gates,3:31,,MELANCHOLIC,https://open.spotify.com/track/2x50fMpSjA2WWmptDUStS9,0
47,m y . l i f e (with 21 Savage & Morray),The Off-Season,J. Cole|21 Savage|Morray,3:38,rap,MELANCHOLIC,https://open.spotify.com/track/1D3z6HTiQsNmZxjl7F7eoG,0
48,Lil Nigga Snupe,Dreamchasers 3,Meek Mill,3:27,rap,RELAXED,https://open.spotify.com/track/6sozeIaS4AlmDGhAjnZAib,0
49,Weight,Niagara,redveil,2:04,"alternative hip hop,experimental hip hop,underground hip hop",RELAXED,https://open.spotify.com/track/5sdkS8DXx8rXNLxbSos8GS,0
50,Right Above It,I Am Not A Human Being,Lil Wayne|Drake,4:31,"rap,hip hop",RELAXED,https://open.spotify.com/track/1kMuU3TNQvHbqvXCWBodmP,0
51,Get Back,Meet The Woo 2 (Deluxe),Pop Smoke,1:48,"brooklyn drill,new york drill,drill",RELAXED,https://open.spotify.com/track/7CC9nqOp7fXsoyKsitBZ6J,0
52,Blood On The Leaves,Yeezus,Kanye West,5:59,rap,MELANCHOLIC,https://open.spotify.com/track/42GcjriRK6srwHkfbkBqVl,0
53,151 Rum,DiCaprio 2,JID,2:36,,HAPPY,https://open.spotify.com/track/22WV03i2lBbwNVCE1g671p,0
54,Tuscan Leather,Nothing Was The Same (Deluxe),Drake,6:06,rap,RELAXED,https://open.spotify.com/track/69gz9onZQNVw55cMQsaYii,0
55,Who Dat Boy (feat. A$AP Rocky),Flower Boy,"Tyler, The Creator|A$AP Rocky",3:25,rap,RELAXED,https://open.spotify.com/track/21yRtB6B8EMounImAfHRCP,0
56,Big Boss Rabbit,Big Boss Rabbit,Freddie Gibbs,2:58,"jazz rap,alternative hip hop",HAPPY,https://open.spotify.com/track/26NyJM0Y3eXi4h07V7zQCC,0
57,Goldie,LONG.LIVE.A$AP (Deluxe Version),A$AP Rocky,3:12,rap,HAPPY,https://open.spotify.com/track/31G9RaSaDOI2NWcpnIp734,0
58,Diet Coke,Diet Coke,Pusha T,2:59,,ENERGETIC,https://open.spotify.com/track/3BMG9dnjNymT1OGUXQTAXl,0
59,Not Afraid,Recovery,Eminem,4:08,"rap,hip hop",HAPPY,https://open.spotify.com/track/7Ie9W94M7OjPoZVV216Xus,0
60,pg baby,learn 2 swim,redveil,2:36,"alternative hip hop,experimental hip hop,underground hip hop",HAPPY,https://open.spotify.com/track/2qfPBPq9BEVEd1GF4UH96H,0
61,Rambo,T R A P S O U L,Bryson Tiller,3:43,"trap soul,r&b",MELANCHOLIC,https://open.spotify.com/track/5RqsqQU0erB0OgLbwem6pU,0
62,Nuketown (feat. Juice WRLD),STOKELEY,Ski Mask The Slump God|Juice WRLD,2:46,"melodic rap,emo rap",RELAXED,https://open.spotify.com/track/74lnM5V6ecvoTPV0fvptx9,0
63,ULT,Imperial,Denzel Curry,4:07,,RELAXED,https://open.spotify.com/track/5BSz8sJO2YmKfNVQG7fq2J,0
64,Ni**as In Paris,Watch The Throne (Deluxe),JAY-Z|Kanye West,3:39,"hip hop,east coast hip hop,rap",HAPPY,https://open.spotify.com/track/4Li2WHPkuyCdtmokzW2007,0
65,ART OF WAR (feat. Denzel Curry & Rico Nasty),ART OF WAR (feat. Denzel Curry & Rico Nasty),Jasiah|Denzel Curry|Rico Nasty,3:06,trap metal,HAPPY,https://open.spotify.com/track/75tFBhZ34HNOiPder8VFYt,0
66,SUMO | ZUMO,TA13OO,Denzel Curry,3:47,,RELAXED,https://open.spotify.com/track/7EHAXZenBzmGCpccWCyg8z,0
67,Control,King Kendrick Diss,King Kendrick,7:30,,HAPPY,https://open.spotify.com/track/6LpavSgQBTJmf7KteLNyKI,0
68,Let The Smokers Shine The Coupes,It's Almost Dry,Pusha T,2:30,,RELAXED,https://open.spotify.com/track/3XyNi4ARXWBgzeDFKoJPqy,0
69,Off Deez (with J. Cole),DiCaprio 2,JID|J. Cole,3:33,rap,RELAXED,https://open.spotify.com/track/3JAeYOjyJodI4PRs44lx2l,0
70,Praise God,Donda,Kanye West,3:46,rap,RELAXED,https://open.spotify.com/track/0Zm7NKJgoKY6ZWwtoEUILK,0
71,Lucky You (feat. Joyner Lucas),Kamikaze,Eminem|Joyner Lucas,4:04,"rap,hip hop",ENERGETIC,https://open.spotify.com/track/60SdxE8apGAxMiRrpbmLY0,0
72,Go Stupid,THE GOAT,Polo G|Stunna 4 Vegas|NLE Choppa|Mike WiLL Made-It,2:45,,RELAXED,https://open.spotify.com/track/4PklAHGXT5ityno3IA8SKd,0
73,WIN,Redemption,Jay Rock,3:35,,RELAXED,https://open.spotify.com/track/69WMdZSqdQwFgLVpbMsZ2J,0
74,0 To 100 / The Catch Up,0 To 100 / The Catch Up,Drake,4:35,rap,RELAXED,https://open.spotify.com/track/4jtyUzZm9WLc2AdaJ1dso7,0
75,Blue Notes,DC4,Meek Mill,3:47,rap,RELAXED,https://open.spotify.com/track/7Gs3otHnZDq514kFHf0nx7,0
76,Fire Squad,2014 Forest Hills Drive,J. Cole,4:48,rap,RELAXED,https://open.spotify.com/track/4Tjh34RS4ACZ6f6srlDBg8,0
77,Cereal (feat. Kenny Mason),Cereal (feat. Kenny Mason),IDK|JID|Kenny Mason,3:18,,RELAXED,https://open.spotify.com/track/5aeaaeKp8fY60CVHAzNbwL,0
78,Lord Pretty Flacko Jodye 2 (LPFJ2),AT.LONG.LAST.A$AP,A$AP Rocky,2:06,rap,RELAXED,https://open.spotify.com/track/1j6kDJttn6wbVyMaM42Nxm,0
79,Break Shit,Break Shit,Jasiah,1:35,trap metal,HAPPY,https://open.spotify.com/track/0Sd0kdgU6HrIclxYjuV99j,0
80,Zatoichi [Feat. slowthai],Zatoichi [Feat. slowthai],Denzel Curry|slowthai,3:30,"grime,uk grime",MELANCHOLIC,https://open.spotify.com/track/5s9d3JiqxsuAkuDTDStBh6,0
81,Out the Mud,Luca Brasi 2: Gangsta Grillz,Kevin Gates,4:01,,RELAXED,https://open.spotify.com/track/2UyQQjPjq4nA7mYivEkzRx,0
82,Seeing Green (with Drake & Lil Wayne),Beam Me Up Scotty,Nicki Minaj|Drake|Lil Wayne,5:39,"rap,hip hop",MELANCHOLIC,https://open.spotify.com/track/1TZv3bujNaYz646eezRE91,0
83,Stick Talk,DS2 (Deluxe),Future,2:51,rap,RELAXED,https://open.spotify.com/track/20fAoPjfYltmd3K3bO7gbt,0
84,Take A Step Back,You Will Regret (Reloaded),Ski Mask The Slump God|XXXTENTACION,3:30,emo rap,HAPPY,https://open.spotify.com/track/2gQYziDV5cSTRSqr6akzi5,0
85,The Trillest,Dreams Worth More Than Money,Meek Mill,4:35,rap,FOCUSED,https://open.spotify.com/track/2utgliHzGNN3oFGF4BUhJ1,0
86,Intro,Mansion,NF,3:19,christian hip hop,MELANCHOLIC,https://open.spotify.com/track/65kWtHIqg2IACNR9KP4KOS,0
87,Neck & Wrist (feat. JAY-Z & Pharrell),Neck & Wrist,Pusha T|JAY-Z|Pharrell Williams,3:29,"hip hop,east coast hip hop,rap",RELAXED,https://open.spotify.com/track/5QNW6Vx14N4OfJ7D0eDg0d,0
88,S.E. Gang (feat. Westside Gunn & Benny the Butcher),La Maquina,Conway the Machine|Westside Gunn|Benny The Butcher,5:01,"boom bap,east coast hip hop,alternative hip hop,jazz rap,experimental hip hop",RELAXED,https://open.spotify.com/track/6XlJRWxoxjCxvrlaLfZQ2v,0
89,Ali Bomaye,Jesus Piece,The Game|2 Chainz|Rick Ross,6:12,"west coast hip hop,old school hip hop,gangster rap,hip hop,southern hip hop,rap",MELANCHOLIC,https://open.spotify.com/track/4l59QWcA9F9qqvNc5pwDtL,0
90,Stronger,Graduation,Kanye West,5:11,rap,RELAXED,https://open.spotify.com/track/4fzsfWzRhPawzqhX8Qt9F3,0
91,Wow Freestyle (feat. Kendrick Lamar),Redemption,Jay Rock|Kendrick Lamar,2:55,"hip hop,west coast hip hop",HAPPY,https://open.spotify.com/track/0gV5B7zmJkS1aaH9APokrH,0
92,Thuggin’,Piñata,Freddie Gibbs|Madlib,3:46,"jazz rap,alternative hip hop,experimental hip hop,plunderphonics",MELANCHOLIC,https://open.spotify.com/track/6m192NGYZHIbO5UBkkM4oN,0
93,502 Come Up,T R A P S O U L,Bryson Tiller,3:16,"trap soul,r&b",RELAXED,https://open.spotify.com/track/5Y87Aek2DGI5s4WNAh8zKR,10
94,Santa Monica Blvd,USEE4YOURSELF,IDK,2:41,,RELAXED,https://open.spotify.com/track/4Po2ztD6OBxolnmDagEh8o,0
95,Trophies,Rise Of An Empire (Deluxe Edition),Young Money|Drake,3:08,rap,RELAXED,https://open.spotify.com/track/1nFgXsg2CUbyK0BJX9cmfj,0
96,Johnny P's Caddy,Johnny P's Caddy,Benny The Butcher|J. Cole,3:45,"boom bap,rap",RELAXED,https://open.spotify.com/track/6AshXllQhobwSXsdpgp41w,0
97,March Madness,56 Nights,Future,4:03,rap,RELAXED,https://open.spotify.com/track/3WcC6NH9J77xPEvj1SOL7z,0
98,Dior - Bonus,Shoot For The Stars Aim For The Moon,Pop Smoke,3:36,"brooklyn drill,new york drill,drill",HAPPY,https://open.spotify.com/track/6PnTgx9lyvLGIcPnroCvc2,0
99,Otis,Watch The Throne (Deluxe),JAY-Z|Kanye West|Otis Redding,2:58,"hip hop,east coast hip hop,rap,motown,soul,classic soul,soul blues",RELAXED,https://open.spotify.com/track/6vegnfDS8DAEaCqWaPYGPy,0
100,Off Da Zoinkys,DiCaprio 2,JID,3:28,,RELAXED,https://open.spotify.com/track/0l7uQ6vQcYxjqbjRbDH2HW,0
101,Grinding All My Life,Victory Lap,Nipsey Hussle,2:55,west coast hip hop,MELANCHOLIC,https://open.spotify.com/track/3R9j8urSPiBbapNbyuSYkE,0
102,Energy,If You're Reading This It's Too Late,Drake,3:01,rap,RELAXED,https://open.spotify.com/track/79XrkTOfV1AqySNjVlygpW,0
103,Audacity (feat. Headie One),Heavy Is The Head,Stormzy|Headie One,4:05,"grime,uk grime,uk drill,drill",RELAXED,https://open.spotify.com/track/6Oq4fiDzKaFMU89dTvM24u,0
104,RIP Roach,Revenge,XXXTENTACION|Ski Mask The Slump God,2:49,emo rap,RELAXED,https://open.spotify.com/track/658I1uDnmLSiltFCf98AWE,0
105,Lord Knows (feat. Tory Lanez),Dreams Worth More Than Money,Meek Mill|Tory Lanez,5:18,rap,MELANCHOLIC,https://open.spotify.com/track/57hCSu4zMTdnSum7NBL1Ye,0
106,What More Can I Say,The Black Album,JAY-Z,4:55,"hip hop,east coast hip hop,rap",RELAXED,https://open.spotify.com/track/75JwFVMnX88ypgshWYBSYL,0
107,Forever,More Than A Game,Drake|Kanye West|Lil Wayne|Eminem,5:57,"rap,hip hop",ENERGETIC,https://open.spotify.com/track/6HSqyfGnsHYw9MmIpa9zlZ,0
108,Under The Sun (with J. Cole & Lute feat. DaBaby),Revenge Of The Dreamers III,Dreamville|J. Cole|Lute|DaBaby,3:22,rap,RELAXED,https://open.spotify.com/track/6MF4tRr5lU8qok8IKaFOBE,0
109,Thump Shit,Last Ones Left,42 Dugg|EST Gee,3:46,,RELAXED,https://open.spotify.com/track/5tLdDm1cVYAH2kk7TyjmdW,0
110,Story Time,Story Time,Fivio Foreign,2:42,"brooklyn drill,new york drill,drill,uk drill",HAPPY,https://open.spotify.com/track/10HF71PuUpSj45eENr2hxx,0
111,BIRDBOY,BIRDBOY,NLE Choppa,2:09,,RELAXED,https://open.spotify.com/track/3ngpmF7yiqVMesqqGuepX1,0
112,Envy,Se7en,Ransom,2:12,"boom bap,underground hip hop",RELAXED,https://open.spotify.com/track/4wkCHYZJJlUTWpI1jJ5clx,0
113,Park,The Sun's Tirade,Isaiah Rashad,2:53,,RELAXED,https://open.spotify.com/track/5hqh0JUxRShhqdaxu7wlz5,0
114,Stay Schemin,Stay Schemin,Rick Ross|French Montana|Drake,4:27,"southern hip hop,rap",MELANCHOLIC,https://open.spotify.com/track/0nq6sfr8z1R5KJ4XUk396e,0
115,Glory,FWA,Lil Wayne,5:06,"rap,hip hop",RELAXED,https://open.spotify.com/track/28J1VeQTm2z2HC7u2qJPup,0
116,Screwface Capital,PSYCHODRAMA,Dave,4:13,"grime,uk grime,uk drill,drill",RELAXED,https://open.spotify.com/track/65TggCitjPK0sUXtwgOkN9,0
117,I'm The Man,I'm The Man,50 Cent|Sonny Digital,3:55,"old school hip hop,east coast hip hop",MELANCHOLIC,https://open.spotify.com/track/3LmuxO8mh3wwIfRUqHJFFy,0
118,Wants and Needs (feat. Lil Baby),Scary Hours 2,Drake|Lil Baby,3:12,rap,RELAXED,https://open.spotify.com/track/65OVbaJR5O1RmwOQx0875b,0
119,1942 Flows,Wins & Losses (Deluxe Edition),Meek Mill,4:42,rap,RELAXED,https://open.spotify.com/track/7f6joOPkUOT8FTF8SNZdLb,0
120,Heaven and Hell,Donda,Kanye West,2:25,rap,MELANCHOLIC,https://open.spotify.com/track/2ZUJsR8HEktit58X6FuPQM,0
121,Trap And A Dream (feat. Meek Mill),Still Striving,A$AP Ferg|Meek Mill,3:09,rap,ENERGETIC,https://open.spotify.com/track/7gbs274CmEorDmQuOYzaud,0
122,One Way Flight (feat. Freddie Gibbs),Burden of Proof,Benny The Butcher|Freddie Gibbs,3:18,"boom bap,jazz rap,alternative hip hop",ENERGETIC,https://open.spotify.com/track/03jnWnj2qOrYofsyCTuHC6,0
123,Doja,Doja,$NOT|A$AP Rocky,2:51,rap,ENERGETIC,https://open.spotify.com/track/3zpGLSQ8QbbUnNjweWPLMD,0
124,A Milli,Tha Carter III,Lil Wayne,3:41,"rap,hip hop",HAPPY,https://open.spotify.com/track/6ScJMrlpiLfZUGtWp4QIVt,0
125,JUGGERNAUT (feat. Lil Uzi Vert & Pharrell Williams),CALL ME IF YOU GET LOST,"Tyler, The Creator|Lil Uzi Vert|Pharrell Williams",2:26,"melodic rap,rage rap",RELAXED,https://open.spotify.com/track/7z4xW9WY86uH3gd1V9pfCM,0
126,Nosetalgia,My Name Is My Name,Pusha T|Kendrick Lamar,3:36,"hip hop,west coast hip hop",HAPPY,https://open.spotify.com/track/5c7yH6ivcTqyHcMkHWTiFY,0
127,EPMD,Judas and the Black Messiah: The Inspired Album,Nas|Hit-Boy,2:33,"old school hip hop,east coast hip hop,hip hop",RELAXED,https://open.spotify.com/track/1dEGNv0PPGn8CcbRi2aSuW,0
128,HEAVY METAL,HEAVY METAL,Paris Texas,2:39,"alternative hip hop,experimental hip hop,rap rock",RELAXED,https://open.spotify.com/track/35ZDgSGHRkV04aYdkP1VfI,0
129,Vogue cover (feat. Stove God Cooks),Hitler Wears Hermes 8: Sincerely Adolf,Westside Gunn|Stove God Cooks,2:41,"boom bap,alternative hip hop,jazz rap,experimental hip hop",RELAXED,https://open.spotify.com/track/3qxPAaao534ezofwx9SVVP,0
130,Pray For The Weak,Pray For The Weak,Ransom|The Game|Rome Streetz,5:04,"boom bap,underground hip hop,west coast hip hop,old school hip hop,gangster rap,hip hop,east coast hip hop",RELAXED,https://open.spotify.com/track/5xLe0hsyiHy4KiDaZt7tm2,0
131,Pyro (leak 2019),UNLOCKED,Denzel Curry|Kenny Beats,1:21,,HAPPY,https://open.spotify.com/track/4hgS8ANdhHy2G7XtyVqLDw,0
132,U Don't Know,The Blueprint (Explicit Version),JAY-Z,3:19,"hip hop,east coast hip hop,rap",ENERGETIC,https://open.spotify.com/track/4O7oKy8YADaBrbehcPl0kE,0
133,Armed & Dangerous,Welcome to O'Block,King Von,2:02,"chicago drill,drill",RELAXED,https://open.spotify.com/track/2297mxrYLBAC4XkhXs39If,0
134,NEVER,The Never Story,JID,4:01,,RELAXED,https://open.spotify.com/track/7hsulgRNgbyczeAg8tChCB,0
135,i n t e r l u d e,The Off-Season,J. Cole,2:13,rap,RELAXED,https://open.spotify.com/track/08LwMWf5Tcfsd752EPzFV0,0
136,X Gon' Give It To Ya,The Definition Of X: Pick Of The Litter,DMX,3:37,"east coast hip hop,old school hip hop,hardcore hip hop",HAPPY,https://open.spotify.com/track/1zzxoZVylsna2BQB65Ppcb,0
137,Scatter Brain (feat. Ludacris & JID),La Maquina,Conway the Machine|Ludacris|JID,3:29,"boom bap,east coast hip hop,southern hip hop",RELAXED,https://open.spotify.com/track/4w7lBzX0EcDuy8tQLQvjC2,0
138,XXX. FEAT. U2.,DAMN.,Kendrick Lamar|U2,4:14,"hip hop,west coast hip hop,rock",RELAXED,https://open.spotify.com/track/4iYRa2btalAzPZoSYfROqF,0
139,04,04,redveil,3:17,"alternative hip hop,experimental hip hop,underground hip hop",RELAXED,https://open.spotify.com/track/00K2pd2dQzlQyMiC5Ce3c5,0
140,The Way I Am,The Marshall Mathers LP,Eminem,4:50,"rap,hip hop",MELANCHOLIC,https://open.spotify.com/track/23wfXwnsPZYe5A1xXRHb3J,0
141,Blessings,Dark Sky Paradise,Big Sean|Drake,4:12,rap,RELAXED,https://open.spotify.com/track/1bzM1cd6oqFozdr4wK6HdR,0
142,Crisis,War,Jasiah,1:49,trap metal,ENERGETIC,https://open.spotify.com/track/5cGi1voAzIK9PE3tmNdYsR,0
143,IGOR'S THEME,IGOR,"Tyler, The Creator",3:20,,MELANCHOLIC,https://open.spotify.com/track/51RN0kzWd7xeR4th5HsEtW,0
144,Surround Sound (feat. 21 Savage & Baby Tate),Surround Sound (feat. 21 Savage & Baby Tate),JID|21 Savage|Baby Tate,3:49,,RELAXED,https://open.spotify.com/track/0cp97b37sFNsdIbQH6po3T,0
145,Blue Suede,Hell Can Wait,Vince Staples,3:38,,RELAXED,https://open.spotify.com/track/6w6SW8zyEcyxwSR7Wya45a,0
146,Baby I'm Bleeding,Veteran,JPEGMAFIA,2:32,"experimental hip hop,alternative hip hop,experimental",ENERGETIC,https://open.spotify.com/track/5pUudDDuJgIpgKIGk2zmxv,0
147,Alright,To Pimp A Butterfly,Kendrick Lamar,3:39,"hip hop,west coast hip hop",RELAXED,https://open.spotify.com/track/3iVcZ5G6tvkXZkZKlMpIUs,0
148,Wells Fargo (with JID & EARTHGANG feat. Buddy & Guapdad 4000) - Interlude,Revenge Of The Dreamers III,Dreamville|JID|EARTHGANG|Buddy|Guapdad 4000,2:03,,RELAXED,https://open.spotify.com/track/2gtFMLjQpCTGekMi4oXZxN,0
149,vent,The Melodic Blue,Baby Keem,2:16,,RELAXED,https://open.spotify.com/track/1ITpqT1kDATCtMBwOK7sYn,0
150,Ain't it Funny,Atrocity Exhibition,Danny Brown,2:57,"experimental hip hop,alternative hip hop",MELANCHOLIC,https://open.spotify.com/track/7ItFoQDmQIh3MAPsxiP6Vt,0
151,Took Her To The O,Levon James,King Von,3:16,"chicago drill,drill",RELAXED,https://open.spotify.com/track/7fEoXCZTZFosUFvFQg1BmW,0
152,Mercy,Mercy,Kanye West|Big Sean|Pusha T|2 Chainz,5:29,"rap,southern hip hop",RELAXED,https://open.spotify.com/track/4qikXelSRKvoCqFcHLB2H2,0
153,We Getting Money,THE UNLUCCY LUCCY KID,Sheff G,3:01,"brooklyn drill,new york drill,drill",HAPPY,https://open.spotify.com/track/4B1HkmoPxGnIiovU1iy4IL,0
154,BALD! REMIX,BALD! REMIX,JPEGMAFIA|Denzel Curry,2:33,"experimental hip hop,alternative hip hop,experimental",ENERGETIC,https://open.spotify.com/track/10hKTZyq2N6iSULhpZXrDd,0
155,Surfs Up,War,Jasiah,1:31,trap metal,HAPPY,https://open.spotify.com/track/5woBjLKWTMtrzlcFNxClS1,0
156,GHETTO GODS,GHETTO GODS,EARTHGANG,2:46,,RELAXED,https://open.spotify.com/track/0EocJQHVyGDM5vrf0CNhS7,0
157,Take_it_Back_v2,UNLOCKED,Denzel Curry|Kenny Beats,2:49,,MELANCHOLIC,https://open.spotify.com/track/6M1QxOSjcCBCNnS7GSjd1o,0
158,A Tale of 2 Citiez,2014 Forest Hills Drive,J. Cole,4:29,rap,RELAXED,https://open.spotify.com/track/7lL3MvFWFFSD25pBz72Agj,0
159,Yeah Right,Big Fish Theory,Vince Staples,3:08,,RELAXED,https://open.spotify.com/track/35tWhD29yvWwB0IDRr6zsL,0
160,Ambition (feat. Meek Mill & Rick Ross),Ambition,Wale|Meek Mill|Rick Ross,5:02,"rap,southern hip hop",RELAXED,https://open.spotify.com/track/5tZmLjU4vhPlJb12IweZuB,0
161,Cinderella Man,Recovery,Eminem,4:39,"rap,hip hop",HAPPY,https://open.spotify.com/track/4SE4yewyGpOYfxfx59Yjc5,0
162,Final Warning,Final Warning,NLE Choppa,2:36,,HAPPY,https://open.spotify.com/track/3LVcKphzONOdQ2EATazlZq,0
163,9 5 . s o u t h,The Off-Season,J. Cole,3:16,rap,RELAXED,https://open.spotify.com/track/5R691ipUYRDYW6ehapjoj6,0
164,I'm Goin In,I'm Goin In,Drake|Lil Wayne|Jeezy,3:45,"rap,hip hop,southern hip hop,crunk,gangster rap",ENERGETIC,https://open.spotify.com/track/5aooThgj87ID0vgiyvcjPM,0
165,Ultimate,Ultimate,Denzel Curry,3:09,,HAPPY,https://open.spotify.com/track/6R0GRYk2vs2XuBVemYK5YZ,0
166,Rigamortus,Section.80,Kendrick Lamar,2:48,"hip hop,west coast hip hop",ENERGETIC,https://open.spotify.com/track/2lD6AoA8qf2t4Dkf2TcmNK,0
167,Intro 2,Therapy Session,NF,3:15,christian hip hop,RELAXED,https://open.spotify.com/track/6nonTdcZbN2pmyiN032MXw,0
168,RING THE ALARM,ALL-AMERIKKKAN BADA$$,Joey Bada$$|Nyck Caution|Kirk Knight|Meechy Darko,4:20,"hip hop,jazz rap,rap",RELAXED,https://open.spotify.com/track/1vpQmfAJWRAFsvBHtAy0d9,0
169,"Down Bad (feat. JID, Bas, J. Cole, EARTHGANG & Young Nudy)",Revenge Of The Dreamers III,Dreamville|JID|Bas|J. Cole|EARTHGANG|Young Nudy,2:49,rap,HAPPY,https://open.spotify.com/track/36J0iaPDGbYGsHvYpaYs3k,0
170,GOODMORNINGTOKYO!,GOODMORNINGTOKYO!,TOKYO’S REVENGE,2:30,,HAPPY,https://open.spotify.com/track/0Q2n5yzl2XRqYbV77tZNYp,0
171,Pray 4 Love (feat. The Weeknd),Rodeo,Travis Scott|The Weeknd,5:07,rap,RELAXED,https://open.spotify.com/track/2dJ4rGtsOHOgvTQawsCRtg,0
172,Black Friday,Black Friday,The Kendrick,6:56,,RELAXED,https://open.spotify.com/track/3I8mSGE0w3ruxHKpYnkAgo,0
173,Fire,Hell Can Wait,Vince Staples,2:16,,MELANCHOLIC,https://open.spotify.com/track/5A1jH0Zt8YG8NPj0bfsxSQ,0
174,VENGEANCE | VENGEANCE [FEAT. JPEGMAFIA & ZILLAKAMI | JPEGMAF1A + Z1LLAKAM1],TA13OO,Denzel Curry|JPEGMAFIA|ZillaKami,4:00,"experimental hip hop,alternative hip hop,experimental,trap metal,emo rap,horrorcore,rap metal",RELAXED,https://open.spotify.com/track/4d8BSdhx6WT5GtTOWpv4rh,0
175,DEATHCAMP (feat. Cole Alexander),Cherry Bomb,"Tyler, The Creator|Cole Alexander",3:09,,RELAXED,https://open.spotify.com/track/1dXYBALYTj3AMxa8hgiQhA,0
176,Demons,DON'T SLEEP,Sleepy Hallow|Sheff G,2:01,"brooklyn drill,new york drill,drill",HAPPY,https://open.spotify.com/track/7EunUT2I09KapnBSqOGvrz,0
177,Cut Me Up,Cut Me Up,Wacotron,3:21,southern hip hop,RELAXED,https://open.spotify.com/track/6MUiJk57uVOmeepw0qQ5kX,0
178,Who Gon Stop Me,Watch The Throne (Deluxe),JAY-Z|Kanye West,4:16,"hip hop,east coast hip hop,rap",MELANCHOLIC,https://open.spotify.com/track/3R1k8P1MrDdLSRhlTaaWAS,0
179,Ooh Kill Em,Unreleased Killadelphia Muzik,Meek Mill,2:18,rap,MELANCHOLIC,https://open.spotify.com/track/0z5jiuz3oC84uqta6qwq02,0
180,Better Dayz,There You Have It,REASON,5:01,,HAPPY,https://open.spotify.com/track/6p4NwqId47ZV4lXg8QaRpO,0
181,"Telephone Calls (feat. A$AP Rocky, Tyler, The Creator, Playboi Carti & Yung Gleesh)",Cozy Tapes: Vol. 1 Friends -,"A$AP Mob|A$AP Rocky|Tyler, The Creator|Playboi Carti|Yung Gleesh",3:50,"rap,rage rap",RELAXED,https://open.spotify.com/track/5VnpYqIzm02X9gOhVElQo3,0
182,Headshot (feat. Polo G & Fivio Foreign),Headshot,Lil Tjay|Polo G|Fivio Foreign,2:24,"brooklyn drill,melodic rap,new york drill,drill,uk drill",MELANCHOLIC,https://open.spotify.com/track/6cQ08IpBxxfGcSKxqE3NmB,0
183,h u n g e r . o n . h i l l s i d e (with Bas),The Off-Season,J. Cole|Bas,3:58,rap,RELAXED,https://open.spotify.com/track/5BwQjRasNcdRPuVWKcHto2,0
184,Bruuuh (with Denzel Curry) - Remix,Bruuuh (with Denzel Curry) [Remix],JID|Denzel Curry,3:26,,RELAXED,https://open.spotify.com/track/5LghBGmNUUwI2BvX2boIdK,0
185,NEMO!,LP!,JPEGMAFIA,2:07,"experimental hip hop,alternative hip hop,experimental",MELANCHOLIC,https://open.spotify.com/track/7N0cq7ULjRQ4bcy3IscmAH,0
186,Survivor's Guilt (feat. G Herbo),Survivor's Guilt (feat. G Herbo),Saba|G Herbo,3:42,"chicago drill,drill",RELAXED,https://open.spotify.com/track/1ZTOr7I40ziaQb1vvCM3Ar,0
187,Father Stretch My Hands Pt. 1,The Life Of Pablo,Kanye West,2:15,rap,RELAXED,https://open.spotify.com/track/4KW1lqgSr8TKrvBII0Brf8,0
188,Success,American Gangster,JAY-Z|Nas,3:30,"hip hop,east coast hip hop,rap,old school hip hop",HAPPY,https://open.spotify.com/track/644MFjfIMaBayYEEAb3gjb,0
189,new info,learn 2 swim,redveil,2:09,"alternative hip hop,experimental hip hop,underground hip hop",RELAXED,https://open.spotify.com/track/2mWlmAlggbl6aveaHRBSMu,0
190,Legend,Burden of Proof,Benny The Butcher|Hit-Boy,3:04,boom bap,RELAXED,https://open.spotify.com/track/0SRRejumehaZSuf1BJ6rVA,0
191,Rise and Shine,Cole World: The Sideline Story,J. Cole,4:34,rap,RELAXED,https://open.spotify.com/track/1CivPhVrRCMZixFOQe3NKx,0
192,Jig is Up,King Kendrick Diss,King Kendrick,3:58,,RELAXED,https://open.spotify.com/track/3WwrnUmXEIMHuaghtz0OHD,0
193,Emotionally Scarred,My Turn,Lil Baby,3:17,,MELANCHOLIC,https://open.spotify.com/track/7ge7BHazYbVKi8qyZUX1Bm,0
194,Hussle & Motivate,Victory Lap,Nipsey Hussle,4:18,west coast hip hop,RELAXED,https://open.spotify.com/track/2hVtGnJeHOo0EqjzYXNFg5,0
195,Mr. Glock,Yellow Tape,Key Glock,2:26,,HAPPY,https://open.spotify.com/track/1ipSpQfzBbhPFhYm6tfVIz,0
196,No Problem (feat. Lil Wayne & 2 Chainz),Coloring Book,Chance the Rapper|Lil Wayne|2 Chainz,5:04,"rap,hip hop,southern hip hop",HAPPY,https://open.spotify.com/track/0v9Wz8o0BT8DU38R4ddjeH,0
197,The Code (feat. Polo G),Welcome to O'Block,King Von|Polo G,3:22,"chicago drill,drill",RELAXED,https://open.spotify.com/track/5NOUjBikzECEJyZMTxtErD,0
198,Heatin Up (feat. Gunna),My Turn,Lil Baby|Gunna,2:57,melodic rap,RELAXED,https://open.spotify.com/track/7KSSdFCBHCfq4KPzz78ghk,0
199,The Come Up,The Come Up,Polo G,2:33,,HAPPY,https://open.spotify.com/track/1x4UTuG7Jx2ZzWdBJbhMnW,0
200,Left Hollywood,Wins & Losses (Deluxe Edition),Meek Mill,3:42,rap,ENERGETIC,https://open.spotify.com/track/0LfP3MWgeR59DZF0i0aCAi,0
201,The Soul,The Soul,REASON,3:35,,RELAXED,https://open.spotify.com/track/13aCijAUkBuhcUp9tI8tD5,0
202,Memphis,Halfway Off the Porch,AG Club,3:20,alternative hip hop,RELAXED,https://open.spotify.com/track/7yPjeaoQlwF8tfbnAhNO2v,0
203,Over,Thank Me Later,Drake,3:53,rap,RELAXED,https://open.spotify.com/track/6BdgtqiV3oXNqBikezwdvC,0
204,Rooftop Sermons,Coup De Grace,Ransom|Rome Streetz,4:04,"boom bap,underground hip hop,east coast hip hop",HAPPY,https://open.spotify.com/track/2hhlGorIkfhwmVx6V1DuZ7,0
205,Empire State Of Mind,The Blueprint 3,JAY-Z|Alicia Keys,4:36,"hip hop,east coast hip hop,rap,r&b,neo soul",ENERGETIC,https://open.spotify.com/track/2igwFfvr1OAGX9SKDCPBwO,0
206,Patiently Waiting,Get Rich Or Die Tryin',50 Cent|Eminem,4:48,"old school hip hop,east coast hip hop,rap,hip hop",RELAXED,https://open.spotify.com/track/3ORfa5ilEthp2U0TRcv7kv,0
207,Deep End Freestyle,Sleepy Hallow Presents: Sleepy For President,Sleepy Hallow|Fousheé,1:55,"brooklyn drill,new york drill,indie r&b",RELAXED,https://open.spotify.com/track/2AlYncTpVHKwHb55F9lF6O,0
208,Onna Come Up (feat. G Herbo) [Remix],Onna Come Up (feat. G Herbo) [Remix],Lil Eazzyy|G Herbo,2:55,"chicago drill,drill",HAPPY,https://open.spotify.com/track/6bCWyr3C3ngZdwizTYWQTG,0
209,U Mad,U Mad,VIC MENSA|Kanye West,4:59,rap,RELAXED,https://open.spotify.com/track/3KiEydhjn7yf58h9jBD5Sa,0
210,Lord Knows,Take Care (Deluxe),Drake|Rick Ross,5:07,"rap,southern hip hop",ENERGETIC,https://open.spotify.com/track/1QBwk6GTCxVdC2hoSw9tlM,0
211,ꞌCosmicꞌ.m4a,UNLOCKED,Denzel Curry|Kenny Beats,2:46,,RELAXED,https://open.spotify.com/track/6Bxy3KpK4ygO2X9QAiOQ3W,0
212,Heart Of The City (Ain't No Love),The Blueprint (Explicit Version),JAY-Z,3:43,"hip hop,east coast hip hop,rap",ENERGETIC,https://open.spotify.com/track/6gpZSI0xEMTzleBc5ykOVA,0
213,Sum 2 Prove,My Turn,Lil Baby,3:25,,RELAXED,https://open.spotify.com/track/5f4Hy5mw5SRaUgXX9c6P5S,0
214,Mi No Sabe,Mi No Sabe,Sleepy Hallow,1:18,"brooklyn drill,new york drill",RELAXED,https://open.spotify.com/track/07zZzNfCUizQ2puAmTLhrc,0
215,"Lost and Found Freestyle 2019 (with Tyler, The Creator & Nigo)",I Know NIGO!,"A$AP Rocky|Tyler, The Creator|Nigo",2:54,rap,RELAXED,https://open.spotify.com/track/5x8NgG7Ya18m9wafOvvWYk,0
216,Monster,My Beautiful Dark Twisted Fantasy,Kanye West|JAY-Z|Rick Ross|Nicki Minaj|Bon Iver,6:18,"rap,hip hop,east coast hip hop,southern hip hop",RELAXED,https://open.spotify.com/track/1ZHYJ2Wwgxes4m8Ba88PeK,0
217,Wave Gods,Magic,Nas|A$AP Rocky|DJ Premier,3:10,"old school hip hop,east coast hip hop,hip hop,rap",HAPPY,https://open.spotify.com/track/14246VCxRDGZHqlMlqWSz4,0
218,Versace,Pray for Paris,Westside Gunn,2:04,"boom bap,alternative hip hop,jazz rap,experimental hip hop",MELANCHOLIC,https://open.spotify.com/track/5ymeWF4xUaphxJz6KdvYkm,0
219,Really Really,Islah (Deluxe),Kevin Gates,3:52,,RELAXED,https://open.spotify.com/track/10I3CmmwT0BkOVhduDy53o,0
220,Public Service Announcement (Interlude),The Black Album,JAY-Z,2:53,"hip hop,east coast hip hop,rap",ENERGETIC,https://open.spotify.com/track/1WOwGVtrVWtV3WW7X4TZoB,0
221,712PM,I NEVER LIKED YOU,Future,2:53,rap,RELAXED,https://open.spotify.com/track/3FSwpQ9dBZBeBV6UdYHI2R,0
222,Drop The World,Rebirth,Lil Wayne|Eminem,3:49,"rap,hip hop",RELAXED,https://open.spotify.com/track/3e21cX0CVwzkQXiHz7WUQZ,0
223,Stillmatic (The Intro),Stillmatic,Nas,2:11,"old school hip hop,east coast hip hop,hip hop",ENERGETIC,https://open.spotify.com/track/4O6OO8OtfMG8ZsCQhOOkmC,0
224,Statement,Therapy Session,NF,3:10,christian hip hop,RELAXED,https://open.spotify.com/track/3cNmoc8vvy0T0m65PLdNEU,0
225,Hate It Or Love It - G-Unit Remix,The Massacre,50 Cent|The Game|Tony Yayo|Young Buck|Lloyd Banks,4:23,"old school hip hop,east coast hip hop,west coast hip hop,gangster rap,hip hop,southern hip hop,crunk",RELAXED,https://open.spotify.com/track/6TYPoBrn53njY2C0WwdmA1,0
226,Face the World,Crenshaw,Nipsey Hussle,3:57,west coast hip hop,RELAXED,https://open.spotify.com/track/0A1owXuxPwqTQPqOJcmUGz,0
227,Jamba (feat. Hodgy),Wolf,"Tyler, The Creator|Hodgy",3:32,,RELAXED,https://open.spotify.com/track/3Z5pXxCb0O6L53vejFHhqQ,0
228,Shine,DC4,Meek Mill,5:27,rap,RELAXED,https://open.spotify.com/track/3g7XdOnYbeoinTCcLsElSa,0
229,Broke As Fuck,The Lost Boy,Cordae,3:16,,RELAXED,https://open.spotify.com/track/1faIb3PPSzEifCHUOJ691R,0
230,The Greatest,Pray 4 Love (Deluxe),Rod Wave,2:48,,RELAXED,https://open.spotify.com/track/6TuzgExCeUs7meSoVPgPND,0
231,Walkin,Walkin,Denzel Curry,4:40,,RELAXED,https://open.spotify.com/track/646sbFnyVg1trhqqxqFUJg,0
232,Red Nation,The R.E.D. Album,The Game|Lil Wayne,3:49,"west coast hip hop,old school hip hop,gangster rap,hip hop,rap",RELAXED,https://open.spotify.com/track/2sYUGgzQfHQ6lOWzbrny8Z,0
233,Ghetto Symphony (feat. Gunplay & A$AP Ferg),LONG.LIVE.A$AP (Deluxe Version),A$AP Rocky|Gunplay|A$AP Ferg,3:57,"rap,gangster rap",RELAXED,https://open.spotify.com/track/57pOLYHz6mt5aMkOXa2Gis,0
234,N.Y. State of Mind,Illmatic,Nas,4:54,"old school hip hop,east coast hip hop,hip hop",HAPPY,https://open.spotify.com/track/0trHOzAhNpGCsGBEu7dOJo,0
235,6:30 Tip Off,La Maquina,Conway the Machine,3:03,"boom bap,east coast hip hop",RELAXED,https://open.spotify.com/track/2fK2qo2R8bQYul6sdFjWWZ,0
236,U Not Like Me,Get Rich Or Die Tryin',50 Cent,4:15,"old school hip hop,east coast hip hop",HAPPY,https://open.spotify.com/track/73SsX4CUXflgE4AupsB6Fr,0
237,The Smartest Intro,The Smartest,Tee Grizzley,3:04,,MELANCHOLIC,https://open.spotify.com/track/2ZccygxtuXd0hu8zF7GQbO,0
238,Changed On Me (feat. Vory & Polo G),B.I.B.L.E.,Fivio Foreign|Vory|Polo G,4:01,"brooklyn drill,new york drill,drill,uk drill,trap soul",MELANCHOLIC,https://open.spotify.com/track/0aJMggmjMva3QFnAbmM2U9,0
239,NO TRENDS,IN DIMES WE TRUST,Mike Dimes,2:31,,HAPPY,https://open.spotify.com/track/5ovhl0nECbfRyApcixLy2d,0
240,Got It On Me,Shoot For The Stars Aim For The Moon,Pop Smoke,2:44,"brooklyn drill,new york drill,drill",RELAXED,https://open.spotify.com/track/25zlnOAzbVoOzIeXSvQFf1,0
241,BULLETPROOF,7VEN,TOKYO’S REVENGE,2:37,,HAPPY,https://open.spotify.com/track/6JNCvIx1FZ7mTbzFihBjDt,0
242,Push It,I'm Him,Kevin Gates,3:00,,RELAXED,https://open.spotify.com/track/1Hc3yNWYf43zhBOSAM38ub,0
243,Soccer Dad,Soccer Dad,ScHoolboy Q,3:13,,RELAXED,https://open.spotify.com/track/3hdaeIlrACjMK5FnahqrLG,0
244,Worst Behavior,Nothing Was The Same (Deluxe),Drake,4:30,rap,RELAXED,https://open.spotify.com/track/6oF3Es1YzzmLKjGBfThUvD,0
245,Waves,The Life Of Pablo,Kanye West,3:01,rap,RELAXED,https://open.spotify.com/track/3nAq2hCr1oWsIU54tS98pL,0
246,Shotta Flow 3,Shotta Flow 3,NLE Choppa,3:01,,HAPPY,https://open.spotify.com/track/0OsYwz3SCLD98IvWfdLeRQ,0
247,Wishing For A Hero (feat. BJ The Chicago Kid),THE GOAT,Polo G|BJ The Chicago Kid,3:04,,RELAXED,https://open.spotify.com/track/192RjH0gN6en7nE6ElN96T,0
248,Mr. T,FLYGOD,Westside Gunn,3:25,"boom bap,alternative hip hop,jazz rap,experimental hip hop",HAPPY,https://open.spotify.com/track/07ZC0qJ896Hc3VPPPq1ckD,0
249,Outro (feat. Lil Snupe & French Montana),DC4,Meek Mill|Lil Snupe|French Montana,4:58,rap,RELAXED,https://open.spotify.com/track/0j16JpJCRdWs9qhuuDKodi,0
